{"cameraMode":{"drawMode":0,"name":"Shaded","section":"Shading Mode"},"sceneLighting":true,"audioPlay":false,"sceneViewState":{"m_AlwaysRefresh":false,"showFog":true,"showSkybox":true,"showFlares":true,"showImageEffects":true,"showParticleSystems":true,"showVisualEffectGraphs":true,"m_FxEnabled":true},"in2DMode":false,"pivot":{"x":-17.721004486083986,"y":15.354082107543946,"z":-1.8925366401672364},"rotation":{"x":-0.21445904672145844,"y":-0.6246883869171143,"z":0.18403564393520356,"w":-0.7279505133628845},"size":19.670942306518556,"orthographic":true}